Brand,Model,AgeOfBrand(yrs),Price(USD),Stars,Weight(oz),TrueToSize(%),TrueToWidth(%),ArchSupport(%)
361 Degrees,Sensation 4,17,135.00,null,12.2,null,null,null
361 Degrees,Sensation 4,17,135.00,null,12.2,null,null,null
361 Degrees,Strata 3,17,155.00,5,12,100,100,100
361 Degrees,Strata 3,17,155.00,5,12,100,100,100
Adidas,I-5923,71,130.00,5,9,null,null,null
Adidas,Runfalcon,71,60.00,null,10.4,null,null,null
Adidas,90s Valasion,71,48.00,null,12.4,null,null,null
Adidas,Alphabounce 3,71,91.88,4,10.2,100,100,83
Adidas,Alphabounce 3,71,100.00,4,10.2,100,100,83
Adidas,Alphabounce 3,71,89.36,4,10.2,100,100,83
Adidas,Alphabounce 3,71,88.38,4,10.2,100,100,83
Adidas,Alphabounce RC 2,71,80.00,5,13,67,100,83
Adidas,Alphabounce RC 2,71,80.00,5,13,67,100,83
Adidas,Alphabounce RC 2,71,80.00,5,13,67,100,83
Adidas,Astrarun,71,93.00,null,10.8,null,null,null
Adidas,Astrarun,71,100.00,null,10.8,null,null,null
Adidas,Astrarun,71,66.92,null,10.8,null,null,null
Adidas,Duramo SL,71,65.00,5,9,100,100,100
Adidas,Duramo SL,71,65.00,5,9,100,100,100
Adidas,Duramo SL,71,65.00,5,9,100,100,100
Adidas,Duramo SL,71,65.00,5,9,100,100,100
Adidas,Duramo SL,71,65.00,5,9,100,100,100
Adidas,Edge XT,71,80.00,5,15.8,100,100,100
Adidas,Edge XT,71,80.00,5,15.8,100,100,100
Adidas,Edge XT,71,70.56,5,15.8,100,100,100
Adidas,Edge XT,71,90.00,5,15.8,100,100,100
Adidas,Energyfalcon,71,70.00,4,15,50,83,73
Adidas,Energyfalcon,71,70.00,4,15,50,83,73
Adidas,Energyfalcon,71,48.94,4,15,50,83,73
Adidas,Energyfalcon,71,54.97,4,15,50,83,73
Adidas,Energyfalcon,71,55.00,4,15,50,83,73
Adidas,Energyfalcon,71,70.00,4,15,50,83,73
Adidas,Energyfalcon,71,69.50,4,15,50,83,73
Adidas,Energyfalcon,71,70.00,4,15,50,83,73
Adidas,Energyfalcon,71,70.00,4,15,50,83,73
Adidas,Energyfalcon,71,70.00,4,15,50,83,73
Adidas,Nova Flow,71,57.20,5,8,100,100,100
Adidas,Nova Flow,71,53.79,5,8,100,100,100
Adidas,Nova Flow,71,65.00,5,8,100,100,100
Adidas,Nova Flow,71,65.00,5,8,100,100,100
Adidas,Nova Flow,71,65.00,5,8,100,100,100
Adidas,Nova Run,71,84.38,5,13,100,100,100
Adidas,Nova Run,71,63.00,5,13,100,100,100
Adidas,Nova Run,71,90.00,5,13,100,100,100
Adidas,Nova Run,71,90.00,5,13,100,100,100
Adidas,Nova Run,71,63.00,5,13,100,100,100
Adidas,PulseBOOST HD,71,88.00,4,11,85,75,77
Adidas,PulseBOOST HD,71,104.96,4,11,85,75,77
Adidas,Questar Climacool,71,80.00,3,13,100,100,100
Adidas,Response Trail,71,59.97,3,12,86,100,100
Adidas,Response Trail,71,53.00,3,12,86,100,100
Adidas,Response Trail,71,38.00,3,12,86,100,100
Adidas,SenseBOOST GO,71,120.00,5,9,80,100,89
Adidas,SenseBOUNCE +,71,100.00,null,12.4,null,null,null
Adidas,SenseBOUNCE +,71,100.00,5,12.4,57,100,71
Adidas,SenseBOUNCE + Street,71,80.00,5,11.8,100,100,50
Adidas,SenseBOUNCE + Street,71,80.00,5,11.8,100,100,50
Adidas,SenseBOUNCE + Street,71,79.99,5,11.8,100,100,50
Adidas,SL20,71,73.90,null,8.2,null,null,null
Adidas,SL20,71,72.54,null,8.2,null,null,null
Adidas,SL20,71,69.39,null,8.2,null,null,null
Adidas,SL20 Ready,71,120.00,null,8,null,null,null
Adidas,Solar Boost 19,71,160.00,null,10.8,null,null,null
Adidas,Solar Boost 19,71,160.00,null,10.8,null,null,null
Adidas,Solar Boost 19,71,160.00,null,10.8,null,null,null
Adidas,Ultraboost 19,71,125.99,4,10,75,96,72
Adidas,Ultraboost 19,71,125.99,4,10,75,96,72
Adidas,Ultraboost 19,71,180.00,4,11.4,75,96,72
Adidas,Ultraboost 19,71,162.99,4,10,76,93,68
Adidas,Ultraboost 20,71,180.00,4,11.8,81,100,59
Adidas,Ultraboost 20,71,180.00,4,11.8,81,100,59
Adidas,Ultraboost 20,71,180.00,4,11.8,81,100,59
Adidas,Ultraboost 20,71,180.00,4,11.8,81,100,59
Adidas,Ultraboost 20,71,180.00,4,11.8,81,100,59
Adidas,Ultraboost 20,71,180.00,4,11.8,81,100,59
Adidas,Ultraboost 20,71,180.00,4,11.8,81,100,59
Adidas,Ultraboost 20,71,180.00,4,11.8,81,100,59
Adidas,Ultraboost 20,71,180.00,4,11.8,81,100,59
Adidas,Ultraboost 20,71,179.95,4,11.8,81,100,59
Adidas,Ultraboost 20,71,180.00,4,11.8,81,100,59
Adidas,Ultraboost 20,71,179.95,4,11.8,81,100,59
Adidas,Ultraboost 20,71,180.00,4,11.8,81,100,59
Adidas,Ultraboost 20 SB,71,180.00,5,11,100,100,100
Adidas,Ultraboost DNA,71,180.00,null,11,null,null,null
Adidas,Ultraboost DNA,71,180.00,null,11,null,null,null
Adidas,Ultraboost DNA,71,180.00,null,11,null,null,null
Adidas,Ultraboost Parley,71,180.00,null,11,null,null,null
Adidas,Ultraboost S.RDY,71,179.95,null,26,null,null,null
Adidas,Ultraboost S.RDY,71,179.95,null,26,null,null,null
Altra Footwear,Duo 1.5,11,99.93,3,10,100,100,100
Altra Footwear,Duo 1.5,11,90.99,3,10,100,100,100
Altra Footwear,Escalante 2,11,129.95,4,12,81,67,71
Altra Footwear,Escalante 2,11,129.95,4,12,81,67,71
Altra Footwear,Escalante 2,11,129.95,4,12,81,67,71
Altra Footwear,Escalante 2,11,130.00,4,12,79,62,67
Altra Footwear,Escalante 2,11,129.95,4,12,81,67,71
Altra Footwear,Escalante 2,11,129.95,4,12,81,67,71
Altra Footwear,Escalante 2,11,130.00,4,12,79,62,67
Altra Footwear,Paradigm 4.5,11,149.95,4,12,65,88,56
Altra Footwear,Paradigm 4.5,11,149.95,4,12,65,88,56
Altra Footwear,Paradigm 4.5,11,149.95,4,12,65,88,56
Altra Footwear,Paradigm 4.5,11,149.95,4,12,65,88,56
Altra Footwear,Provision 4,11,129.95,4,10,100,100,67
Altra Footwear,Provision 4,11,129.95,4,10,100,100,67
Altra Footwear,Provision 4,11,129.95,4,10,100,100,67
Altra Footwear,Provision 4,11,129.95,4,10,100,100,67
Altra Footwear,Torin 4,11,107.99,4,10,79,88,88
Altra Footwear,Torin 4,11,107.99,4,10,79,88,88
Altra Footwear,Torin 4,11,107.99,4,10,79,88,88
Altra Footwear,Torin 4 Plush,11,112.99,4,12,67,91,64
Altra Footwear,Vanish XC,11,79.95,5,6.2,100,100,50
Altra Footwear,Vanish XC,11,79.95,5,6.2,100,100,50
Altra Footwear,Vanish XC,11,79.95,5,6.2,100,100,50
Altra Footwear,Vanish XC,11,79.95,5,6.2,100,100,50
Altra Footwear,Vanish-R,11,99.95,3,5,42,50,64
Altra Footwear,Vanish-R,11,99.95,3,5,42,50,64
Altra Footwear,Vanish-R,11,99.95,3,5,42,50,64
Altra Footwear,Vanish-R,11,99.95,3,5,42,50,64
Altra Footwear,Vanish-R,11,99.95,3,5,42,50,64
Altra Footwear,Viho,11,99.95,4,10,100,67,83
Altra Footwear,Viho,11,99.95,4,10,100,67,83
Altra Footwear,Viho,11,99.95,4,10,100,67,83
ASICS,Dynaflyte 4,71,119.95,null,10,null,null,null
ASICS,Dynaflyte 4,71,119.95,null,10,null,null,null
ASICS,GEL-Contend 5 Walker,71,58.94,5,10,40,87,87
ASICS,GEL-Contend 5 Walker,71,58.50,5,10,40,87,87
ASICS,GEL-Contend 6,71,44.94,4,10,92,75,69
ASICS,GEL-Contend 6,71,49.95,4,10,92,75,69
ASICS,GEL-Contend 6,71,49.95,4,10,92,75,69
ASICS,GEL-Contend 6,71,49.95,4,10,92,75,69
ASICS,GEL-Contend 6,71,49.95,4,10,92,75,69
ASICS,GEL-Contend 6,71,49.95,4,10,92,75,69
ASICS,GEL-Contend 6,71,49.95,4,10,92,75,69
ASICS,GEL-Cumulus 21,71,99.95,4,11,90,97,84
ASICS,GEL-Cumulus 21,71,99.95,4,11,90,97,84
ASICS,GEL-Cumulus 21,71,99.95,4,11,90,97,84
ASICS,GEL-Cumulus 21,71,99.95,4,11,90,97,84
ASICS,GEL-Cumulus 21,71,99.95,4,11,90,97,84
ASICS,GEL-Cumulus 21,71,99.95,4,11,90,97,84
ASICS,GEL-Cumulus 21,71,99.95,4,11,90,97,84
ASICS,GEL-Cumulus 21 Lite-Show,71,119.95,null,11,null,null,null
ASICS,GEL-DS Trainer 25,71,129.95,5,10,100,100,100
ASICS,GEL-DS Trainer 26,71,129.95,5,10,100,100,100
ASICS,GEL-DS Trainer 27,71,129.95,5,10,100,100,100
ASICS,GEL-DS Trainer 28,71,129.95,5,10,100,100,100
ASICS,GEL-DS Trainer 29,71,129.95,5,10,100,100,100
ASICS,GEL-Excite 6,71,67.50,4,12,88,92,81
ASICS,GEL-Excite 6,71,67.50,4,12,88,92,81
ASICS,GEL-Excite 6,71,52.97,4,12,88,92,81
ASICS,GEL-Excite 7,71,59.94,5,10,88,100,76
ASICS,GEL-Excite 7,71,59.94,5,10,88,100,76
ASICS,GEL-Excite 7,71,59.94,5,10,88,100,76
ASICS,GEL-Excite 7,71,59.94,5,10,88,100,76
ASICS,GEL-Excite 7,71,59.94,5,10,88,100,76
ASICS,GEL-Excite 7,71,59.94,5,10,88,100,76
ASICS,GEL-Kayano 26,71,119.95,4,13,79,86,70
ASICS,GEL-Kayano 26,71,119.95,4,13,79,86,70
ASICS,GEL-Kayano 26,71,119.95,4,13,79,86,70
ASICS,GEL-Kayano 26,71,119.95,4,13,79,86,70
ASICS,GEL-Kayano 26,71,119.95,4,13,79,86,70
ASICS,GEL-Kayano 26,71,119.95,4,13,79,86,70
ASICS,GEL-Kayano 26,71,119.95,4,13,79,86,70
ASICS,GEL-Kayano 26,71,119.95,4,13,79,86,70
ASICS,GEL-Kayano 26,71,119.95,4,13,79,86,70
ASICS,GEL-Kayano 26,71,119.95,4,13,79,86,70
ASICS,GEL-Kayano 26,71,119.95,4,13,79,86,70
ASICS,GEL-Kayano 26,71,119.95,4,13,79,86,70
ASICS,GEL-Kayano 26,71,119.95,4,13,79,86,70
ASICS,GEL-Kayano 26,71,119.95,4,13,79,86,70
ASICS,GEL-Kumo Lyte,71,59.94,3,11,71,67,100
ASICS,GEL-Nimbus 22,71,149.95,4,12,90,85,85
ASICS,GEL-Nimbus 22,71,149.95,4,12,90,85,85
ASICS,GEL-Nimbus 22,71,149.95,4,12,90,85,85
ASICS,GEL-Nimbus 22,71,149.95,4,12,90,85,85
ASICS,GEL-Nimbus 22,71,149.95,4,12,90,85,85
ASICS,GEL-Nimbus 22,71,149.95,4,12,90,85,85
ASICS,GEL-Nimbus 22,71,149.95,4,12,90,85,85
ASICS,GEL-Nimbus 22,71,149.95,4,12,90,85,85
ASICS,GEL-Nimbus 22,71,149.95,4,12,90,85,85
ASICS,GEL-Nimbus 22,71,149.95,4,12,90,85,85
ASICS,GEL-Nimbus 22,71,149.95,4,12,90,85,85
ASICS,GEL-Nimbus 22,71,149.95,4,12,90,85,85
ASICS,GEL-Nimbus 22,71,149.95,4,12,90,85,85
ASICS,GEL-Nimbus 22,71,149.95,4,12,90,85,85
ASICS,GEL-Nimbus 22,71,149.95,4,12,90,85,85
ASICS,GEL-Quantum 180 4,71,89.95,4,14,90,81,73
ASICS,GEL-Quantum Infinity 2,71,179.95,null,15,null,null,null
ASICS,GEL-Quantum Infinity 2,71,179.95,null,15,null,null,null
ASICS,GEL-Quantum Infinity 2,71,179.95,null,15,null,null,null
ASICS,GEL-Quantum 180 5,71,120.00,5,11,75,75,100
ASICS,GEL-Quantum 180 5,71,120.00,5,11,75,75,100
ASICS,GEL-Quantum 180 5,71,120.00,5,11,75,75,100
ASICS,GEL-Quantum 180 5,71,120.00,5,11,75,75,100
ASICS,GEL-Quantum 180 5,71,120.00,5,11,75,75,100
ASICS,GEL-Quantum 180 5,71,120.00,5,11,75,75,100
ASICS,GEL-Quantum 360 5,71,149.95,4,14,57,78,100
ASICS,GEL-Quantum 360 5,71,119.95,4,14,57,78,100
ASICS,GEL-Quantum 360 5,71,149.95,4,14,57,78,100
ASICS,GEL-Quantum 360 5,71,149.95,4,14,57,78,100
ASICS,GEL-Quantum 360 5,71,134.99,4,14,57,78,100
ASICS,GEL-Quantum 90 2,71,67.94,5,10,100,100,67
ASICS,GEL-Quantum 90 2,71,67.94,5,10,100,100,67
ASICS,GEL-Quantum 90 2,71,67.94,5,10,100,100,67
ASICS,GEL-Quantum 90 2,71,67.94,5,10,100,100,67
ASICS,GT-1000 8,71,67.50,4,11,83,76,84
ASICS,GT-1000 8,71,62.92,4,11,83,76,84
ASICS,GT-1000 8,71,67.50,4,11,83,76,84
ASICS,GT-1000 9,71,99.95,4,10,100,75,60
ASICS,GT-1000 9,71,99.95,4,10,100,75,60
ASICS,GT-1000 9,71,99.95,4,10,100,75,60
ASICS,GT-1000 9,71,99.95,4,10,100,75,60
ASICS,GT-1000 9,71,99.95,4,10,100,75,60
ASICS,GT-1000 9,71,99.95,4,10,100,75,60
ASICS,GT-1000 9,71,99.95,4,10,100,75,60
ASICS,GT-2000 8,71,119.95,4,10,75,69,65
ASICS,GT-2000 8,71,119.95,4,10,75,69,65
ASICS,GT-2000 8,71,119.95,4,10,75,69,65
ASICS,GT-2000 8,71,119.95,4,10,75,69,65
ASICS,GT-2000 8,71,119.95,4,10,75,69,65
ASICS,GT-2000 8,71,119.95,4,10,75,69,65
ASICS,GT-2000 8,71,119.95,4,10,75,69,65
ASICS,GT-2000 8,71,119.95,4,10,75,69,65
ASICS,GT-2000 8,71,119.95,4,10,75,69,65
ASICS,GT-2000 8,71,119.95,4,10,75,69,65
ASICS,GT-2000 8,71,119.95,4,10,75,69,65
ASICS,GT-2000 8,71,119.95,4,10,75,69,65
ASICS,GT-2000 8 GTX,71,129.95,5,17,67,100,67
ASICS,GT-2000 8 Trail,71,119.95,5,13,100,100,60
ASICS,Novablast,71,129.95,5,10,83,100,67
ASICS,Novablast,71,129.95,5,10,83,100,67
ASICS,Novablast,71,129.95,5,10,83,100,67
ASICS Tiger,Gel-Quantum Infinity Jin,71,112.99,null,14.4,null,null,null
ASICS Tiger,Gel-Quantum Infinity Jin,71,140.00,null,14.4,null,null,null
ASICS Tiger,Gel-Quantum Infinity Jin,71,97.99,null,14.4,null,null,null
Brooks,Addiction 13,106,99.95,4,17,64,82,68
Brooks,Addiction 14,106,129.95,4,10,67,79,71
Brooks,Addiction 14,106,129.95,4,10,67,79,71
Brooks,Adrenaline GTS 20,106,130.00,4,10,84,90,66
Brooks,Adrenaline GTS 20,106,129.95,4,10,84,90,66
Brooks,Adrenaline GTS 20,106,129.95,4,10,84,90,66
Brooks,Adrenaline GTS 20,106,129.95,4,10,84,90,66
Brooks,Adrenaline GTS 20,106,129.95,4,10,84,90,66
Brooks,Adrenaline GTS 20,106,130.00,4,10,84,90,66
Brooks,Adrenaline GTS 20,106,129.95,4,10,84,90,66
Brooks,Adrenaline GTS 20,106,129.95,4,10,84,90,66
Brooks,Adrenaline GTS 20,106,130.00,4,10,84,90,66
Brooks,Adrenaline GTS 20,106,129.95,4,10,84,90,66
Brooks,Adrenaline GTS 20,106,129.95,4,10,84,90,66
Brooks,Adrenaline GTS 20,106,130.00,4,10,84,90,66
Brooks,Adrenaline GTS 20,106,129.95,4,10,84,90,66
Brooks,Adrenaline GTS 20,106,129.95,4,10,84,90,66
Brooks,Adrenaline GTS 20,106,129.95,4,10,84,90,66
Brooks,Adrenaline GTS 20,106,129.95,4,10,84,90,66
Brooks,Anthem 2,106,56.94,4,10,87,92,71
Brooks,Anthem 2,106,62.94,4,10,87,92,71
Brooks,Anthem 3,106,69.95,4,0.8,100,100,100
Brooks,Anthem 3,106,69.95,4,0.8,100,100,100
Brooks,Anthem 3,106,69.95,4,0.8,100,100,100
Brooks,Beast '18,106,99.95,4,14.6,87,90,55
Brooks,Beast '18,106,99.95,4,14.6,87,90,55
Brooks,Beast '20,106,160.00,4,13,89,79,78
Brooks,Beast '20,106,160.00,4,13,89,79,78
Brooks,Bedlam 2,106,149.95,4,12,100,100,33
Brooks,Bedlam 2,106,149.95,4,12,100,100,33
Brooks,Dyad 10,106,99.95,4,14,85,69,69
Brooks,Dyad 10,106,89.97,4,14,85,69,69
Brooks,Dyad 11,106,130.00,4,13,100,100,80
Brooks,Dyad 11,106,130.00,4,13,100,100,80
Brooks,Ghost 12,106,129.95,4,10,86,85,81
Brooks,Ghost 12,106,129.95,4,10,86,85,81
Brooks,Ghost 12,106,129.95,4,10,86,85,81
Brooks,Ghost 12,106,129.95,4,10,86,85,81
Brooks,Ghost 12,106,129.95,4,10,86,85,81
Brooks,Ghost 12,106,129.95,4,10,86,85,81
Brooks,Ghost 12,106,129.95,4,10,86,85,81
Brooks,Ghost 12,106,129.95,4,10,86,85,81
Brooks,Ghost 12,106,129.95,4,10,86,85,81
Brooks,Ghost 12,106,129.95,4,10,86,85,81
Brooks,Ghost 12,106,129.95,4,10,86,85,81
Brooks,Ghost 12,106,129.95,4,10,86,85,81
Brooks,Ghost 12,106,129.95,4,10,86,85,81
Brooks,Ghost 12,106,129.95,4,10,86,85,81
Brooks,Ghost 12,106,129.95,4,10,86,85,81
Brooks,Ghost 12,106,129.95,4,10,86,85,81
Brooks,Ghost 12,106,129.95,4,10,86,85,81
Brooks,Ghost 12,106,129.95,4,10,86,85,81
Brooks,Ghost 12,106,129.95,4,10,86,85,81
Brooks,Ghost 12,106,129.95,4,10,86,85,81
Brooks,Ghost 12 GTX,106,159.95,4,12,100,100,100
Brooks,Glycerin 18,106,150.00,4,10,100,100,69
Brooks,Glycerin 18,106,150.00,4,10,100,100,69
Brooks,Glycerin 18,106,149.95,4,10,100,100,69
Brooks,Glycerin 18,106,150.00,4,10,100,100,69
Brooks,Glycerin 18,106,150.00,4,10,100,100,69
Brooks,Launch 7,106,100.00,4,22,67,100,67
Brooks,Launch 7,106,100.00,4,22,67,100,67
Brooks,Launch 7,106,100.00,4,22,67,100,67
Brooks,Launch 7,106,100.00,4,22,67,100,67
Brooks,Launch 7,106,100.00,4,22,67,100,67
Brooks,Launch 7,106,99.95,4,22,67,100,67
Brooks,Levitate 2,106,89.93,4,13,89,93,68
Brooks,Levitate 2,106,98.94,4,13,89,93,68
Brooks,Levitate 2,106,82.50,4,13,89,93,68
Brooks,Levitate 2,106,98.94,4,13,89,93,68
Brooks,Levitate 2,106,84.94,4,13,89,93,68
Brooks,Levitate 2,106,89.94,4,13,89,93,68
Brooks,Levitate 2,106,89.95,4,13,89,93,68
Brooks,Levitate 2,106,98.94,4,13,89,93,68
Brooks,Levitate 2,106,84.94,4,13,89,93,68
Brooks,Levitate 2,106,89.90,4,13,89,93,68
Brooks,Levitate 3,106,149.95,4,12,88,75,75
Brooks,Levitate 3,106,149.95,4,12,88,75,75
Brooks,Levitate 3,106,149.95,4,12,88,75,75
Brooks,Levitate 3,106,149.95,4,12,88,75,75
Brooks,Levitate 3,106,149.95,4,12,88,75,75
Brooks,Levitate 3,106,150.00,4,12,88,75,75
Brooks,Levitate 3,106,149.95,4,12,88,75,75
Brooks,PureFlow 7,106,89.95,4,10,82,80,88
Brooks,PureFlow 7,106,89.95,4,10,82,80,88
Brooks,PureFlow 7,106,89.95,4,10,82,80,88
Brooks,Ravenna 11,106,110.00,4,22,88,100,86
Brooks,Ravenna 11,106,110.00,4,22,88,100,86
Brooks,Revel 3,106,79.95,5,9,88,86,71
Brooks,Revel 3,106,79.95,5,9,88,86,71
Brooks,Revel 3,106,79.95,5,9,88,86,71
Brooks,Revel 3,106,79.95,5,9,88,86,71
Brooks,Revel 3,106,79.95,5,9,88,86,71
Brooks,Revel 3,106,79.95,5,9,88,86,71
Brooks,Revel 3,106,79.95,5,9,88,86,71
Brooks,Revel 3,106,79.95,5,9,88,86,71
Brooks,Revel 3,106,79.95,5,9,88,86,71
Brooks,Revel 3,106,79.95,5,9,88,86,71
Brooks,Revel 3,106,79.95,5,9,88,86,71
Brooks,Ricochet 2,106,120.00,4,10,100,100,100
Brooks,Ricochet 2,106,120.00,4,10,100,100,100
Hoka One One,Akasa,11,139.95,4,12,92,100,58
Hoka One One,Akasa,11,139.95,4,12,92,100,58
Hoka One One,Arahi 4,11,129.95,4,10.4,100,91,73
Hoka One One,Arahi 4,11,129.95,4,10.4,100,91,73
Hoka One One,Arahi 4,11,129.95,4,10.4,100,91,73
Hoka One One,Bondi 6,11,149.95,4,13,82,85,72
Hoka One One,Bondi 6,11,149.95,4,13,82,85,72
Hoka One One,Bondi 6,11,149.95,4,13,82,85,72
Hoka One One,Bondi 6,11,149.95,4,13,82,85,72
Hoka One One,Bondi 6,11,149.95,4,13,82,85,72
Hoka One One,Bondi 6,11,149.95,4,13,82,85,72
Hoka One One,Bondi 6,11,149.95,4,13,82,85,72
Hoka One One,Bondi 6,11,149.95,4,13,82,85,72
Hoka One One,Bondi 6,11,149.95,4,13,82,85,72
Hoka One One,Bondi 6,11,149.95,4,13,82,85,72
Hoka One One,Bondi 6,11,149.95,4,13,82,85,72
Hoka One One,Bondi 6,11,149.95,4,13,82,85,72
Hoka One One,Bondi LTR,11,159.95,4,14,92,85,69
Hoka One One,Bondi LTR,11,159.95,4,14,92,85,69
Hoka One One,Bondi LTR,11,159.95,5,13,94,82,65
Hoka One One,Cavu 3,11,119.95,null,7,null,null,null
Hoka One One,Cavu 3,11,119.95,null,7,null,null,null
Hoka One One,Cavu 3,11,119.95,null,7,null,null,null
Hoka One One,Cavu 3,11,119.95,null,7,null,null,null
Hoka One One,Cavu 3 Slip,11,119.95,5,7,100,100,100
Hoka One One,Clifton 6,11,130.00,4,9,84,89,75
Hoka One One,Clifton 6,11,129.95,4,9,84,89,75
Hoka One One,Clifton 6,11,129.95,4,9,84,89,75
Hoka One One,Clifton 6,11,129.95,4,9,84,89,75
Hoka One One,Clifton 6,11,129.95,4,9,84,89,75
Hoka One One,Elevon,11,159.95,4,11,78,94,67
Hoka One One,Elevon,11,159.95,4,11,78,94,67
Hoka One One,Elevon,11,159.95,4,11,78,94,67
Hoka One One,Elevon,11,159.95,4,11,78,94,67
Hoka One One,Elevon,11,159.95,4,11,78,94,67
Hoka One One,Elevon,11,159.95,4,11,78,94,67
Hoka One One,Elevon 2,11,159.95,4,11,100,100,50
Hoka One One,Elevon 2,11,159.95,4,11,100,100,50
Hoka One One,Elevon 2,11,159.95,4,11,100,100,50
Hoka One One,Gaviota 2,11,149.95,4,12,78,83,77
Hoka One One,Gaviota 2,11,149.95,4,12,78,83,77
Hoka One One,Gaviota 2,11,149.95,4,12,78,83,77
Hoka One One,Gaviota 2,11,149.95,4,12,78,83,77
Hoka One One,Gaviota 2,11,149.95,4,12,78,83,77
Hoka One One,Gaviota 2,11,149.95,4,12,78,83,77
Hoka One One,Gaviota 2,11,149.95,4,12,78,83,77
Hoka One One,Gaviota Leather,11,159.95,4,14,60,50,67
Hoka One One,Gaviota Leather,11,159.95,4,14,60,50,67
Hoka One One,Hupana 2,11,114.95,4,11,71,54,80
Hoka One One,Hupana 2,11,114.95,4,11,71,54,80
Hoka One One,Hupana EM,11,114.95,5,9,90,88,78
Hoka One One,Hupana EM,11,114.95,5,9,90,88,78
Hoka One One,Hupana Flow,11,114.95,4,10,40,75,80
Hoka One One,Hupana Flow,11,114.95,4,10,40,75,80
Hoka One One,Hupana Flow Wool,11,95.99,5,10.6,89,75,75
Hoka One One,Hupana Flow Wool,11,120.00,5,10.6,89,75,75
Hoka One One,Hupana Flow Wool,11,107.99,5,10.6,89,75,75
Hoka One One,Mach 2,11,139.95,4,9,71,86,67
Hoka One One,Mach 2,11,139.95,4,9,71,86,67
Hoka One One,Mach 2,11,139.95,4,9,71,86,67
Hoka One One,Mach 2,11,139.95,4,9,71,86,67
Hoka One One,Mach 3,11,139.95,5,9,null,null,null
Hoka One One,Mach 3,11,139.95,5,9,null,null,null
Hoka One One,Mach 3,11,139.95,5,9,null,null,null
Hoka One One,Ora Recovery Shoe,11,80.00,4,8,67,80,87
Hoka One One,Ora Recovery Shoe,11,79.95,4,8,67,80,87
Hoka One One,Rincon,11,114.95,4,8,84,93,76
Hoka One One,Rincon,11,114.95,4,8,84,93,76
Hoka One One,Rincon,11,114.95,4,8,84,93,76
Hoka One One,Rincon,11,114.95,4,8,84,93,76
Hoka One One,Rincon,11,114.95,4,8,84,93,76
Inov-8,F-Lite 230 V2,17,125.00,4,9,80,77,88
Inov-8,F-Lite 230 V2,17,125.00,4,9,80,77,88
Inov-8,F-Lite 230 V2,17,125.00,4,9,80,77,88
Inov-8,F-Lite G 290,17,160.00,2,13,100,100,100
Inov-8,Roadclaw 275 Knit,17,140.00,null,9.7,null,null,null
Inov-8,Roadclaw 275 V2,17,130.00,5,12,50,100,67
MBT,Speed 2,24,129.95,null,11,null,null,null
MBT,Speed 2,24,129.95,null,11,null,null,null
MBT,Speed 2,24,129.95,null,11,null,null,null
MBT,Speed Mix,24,129.95,4,10,100,100,33
MBT,Speed Mix,24,129.95,4,10,100,100,33
MBT,Zee 18,24,184.95,5,18,100,100,100
Mizuno,Wave Creation 20,114,169.95,4,14,50,80,57
Mizuno,Wave Creation 20,114,169.95,4,14,50,80,57
Mizuno,Wave Creation 20,114,169.95,4,14,50,80,57
Mizuno,Wave Creation 20,114,169.95,4,14,50,80,57
Mizuno,Wave Creation C1 Knit,114,98.97,4,15,100,60,60
Mizuno,Wave Creation C1 Knit,114,144.99,4,15,100,60,60
Mizuno,Wave Creation C1 Knit,114,162.99,4,15,100,60,60
Mizuno,Wave Creation C1 Knit,114,162.99,4,15,100,60,60
Mizuno,Wave Creation WAVEKNIT 2,114,180.00,4,13,null,null,null
Mizuno,Wave Creation WAVEKNIT 2,114,180.00,4,13,null,null,null
Mizuno,Wave Creation WAVEKNIT 2,114,180.00,4,13,null,null,null
Mizuno,Wave Horizon 3,114,144.99,5,14,100,100,67
Mizuno,Wave Horizon 4,114,160.00,5,10,null,null,null
Mizuno,Wave Horizon 4,114,160.00,5,10,null,null,null
Mizuno,Wave Horizon 4,114,160.00,5,10,null,null,null
Mizuno,Wave Inspire 16,114,135.00,5,10.8,100,100,100
Mizuno,Wave Inspire 16,114,135.00,5,10.8,100,100,100
Mizuno,Wave Inspire 16,114,135.00,5,10.8,100,100,100
Mizuno,Wave Inspire 16,114,135.00,5,10.8,100,100,100
Mizuno,Wave Inspire 16 WAVEKNIT,114,135.00,4,11,100,100,100
Mizuno,Wave Inspire 16 WAVEKNIT,114,135.00,4,11,100,100,100
Mizuno,Wave Prophecy 8,114,199.95,4,14,100,100,83
Mizuno,Wave Prophecy 8,114,199.95,4,14,100,100,83
Mizuno,Wave Prophecy 8,114,199.95,4,14,100,100,83
Mizuno,Wave Prophecy 8,114,199.95,4,14,100,100,83
Mizuno,Wave Prophecy 8,114,199.95,4,14,100,100,83
Mizuno,Wave Rider 23,114,89.95,4,10,43,86,80
Mizuno,Wave Rider 23,114,89.95,4,10,43,86,80
Mizuno,Wave Rider 23,114,89.95,4,10,100,100,100
Mizuno,Wave Rider 23,114,107.99,4,10,100,100,100
Mizuno,Wave Rider 23,114,94.95,4,10,43,86,80
Mizuno,Wave Rider 23,114,94.95,4,10,43,86,80
Mizuno,Wave Rider 23 WAVEKNIT,114,104.99,5,12,100,100,50
Mizuno,Wave Rider 23 WAVEKNIT,114,104.99,5,12,100,100,50
Mizuno,Wave Rider 23 WAVEKNIT,114,104.99,5,12,100,100,50
Mizuno,Wave Rider 23 WAVEKNIT,114,104.99,5,12,100,100,50
Mizuno,Wave Rider WAVEKNIT 3,114,130.00,5,10,null,null,null
Mizuno,Wave Rider WAVEKNIT 3,114,130.00,5,10,null,null,null
Mizuno,Wave Shadow 3,114,109.95,4,11,100,100,100
Mizuno,Wave Shadow 3,114,109.95,4,11,100,100,100
Mizuno,Wave Sky WAVEKNIT 3,114,159.95,4,13,100,100,100
Mizuno,Wave Sky WAVEKNIT 3,114,159.95,4,13,100,100,100
Mizuno,Wave Sky WAVEKNIT 3,114,159.95,4,13,100,100,100
Mizuno,Wave Sky WAVEKNIT 3,114,159.95,4,13,100,100,100
Mizuno,Wave Sky WAVEKNIT 3,114,160.00,4,13,100,100,100
Mizuno,Wave Sky WAVEKNIT 3,114,160.00,4,13,100,100,100
New Balance,1400v6,114,99.99,4,8,82,90,90
New Balance,1400v6,114,99.95,4,8,82,90,90
New Balance,1400v6,114,74.96,4,8,82,90,90
New Balance,1400v6,114,99.99,4,8,82,90,90
New Balance,1500T2,114,109.99,5,9,100,100,100
New Balance,1500v6,114,109.99,4,8,80,100,75
New Balance,1500v6,114,89.07,4,8,80,100,75
New Balance,1500v6,114,92.00,4,8,80,100,75
New Balance,1540v3,114,169.95,4,18,80,88,66
New Balance,1540v3,114,174.99,4,18,80,88,66
New Balance,1540v3,114,169.95,4,18,80,88,66
New Balance,1540v3,114,128.17,4,18,80,88,66
New Balance,680v6,114,74.99,4,11,83,77,78
New Balance,680v6,114,69.99,4,11,83,77,78
New Balance,680v6,114,59.97,4,11,83,77,78
New Balance,680v6,114,74.95,4,11,83,77,78
New Balance,840v4,114,124.95,4,15,90,88,77
New Balance,840v4,114,124.95,4,15,90,88,77
New Balance,870v5,114,109.95,5,11,100,86,71
New Balance,870v5,114,109.95,5,11,100,86,71
New Balance,870v5,114,109.95,5,11,100,86,71
New Balance,870v5,114,109.95,5,11,100,86,71
New Balance,890V7,114,85.35,4,6.4,69,62,71
New Balance,890V7,114,119.95,4,6.4,69,62,71
New Balance,890V7,114,119.95,4,6.4,69,62,71
New Balance,890v8,114,119.99,null,8,null,null,null
New Balance,890v8,114,119.99,null,8,null,null,null
New Balance,890v8,114,119.99,null,8,null,null,null
New Balance,940v4,114,129.99,4,14,88,82,76
New Balance,940v4,114,129.99,4,14,88,82,76
New Balance,990v5,114,174.95,4,14,89,88,74
New Balance,990v5,114,174.95,4,14,89,88,74
New Balance,990v5,114,174.95,4,14,89,88,74
New Balance,990v5,114,174.99,4,14,89,88,74
New Balance,990v5,114,174.95,4,14,89,88,74
New Balance,990v5,114,174.95,4,14,89,88,74
New Balance,990v5,114,174.95,4,14,89,88,74
New Balance,990v5,114,174.95,4,14,89,88,74
New Balance,990v5,114,174.95,4,14,89,88,74
New Balance,Fresh Foam 1080v10,114,149.95,4,10,84,82,74
New Balance,Fresh Foam 1080v10,114,149.95,4,10,84,82,74
New Balance,Fresh Foam 1080v10,114,149.95,4,10,84,82,74
New Balance,Fresh Foam 1080v10,114,149.95,4,10,84,82,74
New Balance,Fresh Foam 1080v10,114,149.95,4,10,84,82,74
New Balance,Fresh Foam 1080v9,114,89.97,4,10,93,91,82
New Balance,Fresh Foam Arishi v2,114,41.97,4,9,83,86,79
New Balance,Fresh Foam Arishi v2,114,74.99,2,9.4,100,100,75
New Balance,Fresh Foam Arishi v2,114,41.97,4,9,83,86,79
New Balance,Fresh Foam Arishi v2,114,74.99,2,9.4,100,100,75
New Balance,Fresh Foam Arishi v3,114,69.99,4,9.2,69,83,77
New Balance,Fresh Foam Arishi v3,114,61.33,4,9.2,69,83,77
New Balance,Fresh Foam Arishi v3,114,65.88,4,9.2,69,83,77
New Balance,Fresh Foam Arishi v3,114,54.95,4,9.2,69,83,77
New Balance,Fresh Foam Arishi v3,114,69.99,4,9.2,69,83,77
New Balance,Fresh Foam Arishi v3,114,51.64,4,9.2,69,83,77
New Balance,Fresh Foam Beacon v2,114,119.95,4,9,91,82,82
New Balance,Fresh Foam Beacon v2,114,109.99,4,9,91,82,82
New Balance,Fresh Foam Beacon v2,114,104.99,4,9,91,82,82
New Balance,Fresh Foam Beacon v2,114,119.99,4,9,91,82,82
New Balance,Fresh Foam Beacon v2,114,119.95,4,9,91,82,82
New Balance,Fresh Foam Evare,114,69.07,4,11,100,67,100
New Balance,Fresh Foam Evare,114,67.49,4,11,100,67,100
New Balance,Fresh Foam Evare,114,76.38,4,11,100,67,100
New Balance,Fresh Foam Evare,114,61.00,4,11,100,67,100
New Balance,Fresh Foam More,114,141.16,4,12,78,83,78
New Balance,Fresh Foam More,114,159.95,4,12,78,83,78
New Balance,Fresh Foam More,114,120.39,4,12,78,83,78
New Balance,Fresh Foam More,114,87.97,4,12,78,83,78
New Balance,Fresh Foam More,114,131.16,4,12,78,83,78
New Balance,Fresh Foam More v2,114,164.99,null,9,null,null,null
New Balance,Fresh Foam More v2,114,164.99,null,9,null,null,null
New Balance,Fresh Foam More v2,114,164.99,null,9,null,null,null
New Balance,Fresh Foam Roav,114,65.99,4,11,88,100,81
New Balance,Fresh Foam Roav,114,79.95,4,11,88,100,81
New Balance,Fresh Foam Roav,114,79.95,4,11,88,100,81
New Balance,Fresh Foam Roav,114,69.99,4,11,88,100,81
New Balance,Fresh Foam Roav,114,79.95,4,11,88,100,81
New Balance,Fresh Foam Roav City Grit,114,79.99,4,9.8,null,null,null
New Balance,Fresh Foam Roav City Grit,114,67.29,4,9.8,null,null,null
New Balance,Fresh Foam Roav City Grit,114,79.99,4,9.8,null,null,null
New Balance,Fresh Foam Roav Flying NB,114,79.99,5,10,80,100,80
New Balance,Fresh Foam Roav Flying NB,114,79.99,5,10,80,100,80
New Balance,Fresh Foam Roav Fusion,114,66.50,3,11.5,67,67,67
New Balance,Fresh Foam Roav Fusion,114,84.99,3,11.5,67,67,67
New Balance,Fresh Foam Roav Knit,114,43.97,4,11,78,71,89
New Balance,Fresh Foam Roav Knit,114,79.95,4,11,78,71,89
New Balance,Fresh Foam Roav Tee Shirt,114,79.99,4,10,100,100,75
New Balance,Fresh Foam Roav Tee Shirt,114,79.95,4,10,100,100,75
New Balance,Fresh Foam Roav Tee Shirt,114,79.95,4,10,100,100,75
New Balance,Fresh Foam Roav Tee Shirt,114,79.95,4,10,100,100,75
New Balance,Fresh Foam Tempo,114,92.53,4,9,75,50,75
New Balance,Fresh Foam Tempo,114,91.41,4,9,75,50,75
New Balance,Fresh Foam Tempo,114,93.88,4,9,75,50,75
New Balance,Fresh Foam Tempo,114,89.78,4,9,75,50,75
New Balance,Fresh Foam Tempo,114,91.84,4,9,75,50,75
New Balance,Fresh Foam Vongo v4,114,139.95,4,16,80,88,56
New Balance,Fresh Foam Vongo v4,114,139.95,4,16,80,88,56
New Balance,Fresh Foam Vongo v4,114,139.99,4,10.6,100,100,67
New Balance,Fresh Foam Vongo v4,114,139.95,4,16,80,88,56
New Balance,Fresh Foam Zante Pursuit v1,114,65.97,4,7,79,70,74
New Balance,Fuelcell Echo,114,99.99,4,12,80,89,89
New Balance,Fuelcell Echo,114,93.87,4,12,80,89,89
New Balance,Fuelcell Echo,114,88.87,4,12,80,89,89
New Balance,Fuelcell Echo,114,99.99,4,12,80,89,89
New Balance,Fuelcell Echo,114,99.99,4,12,80,89,89
New Balance,Fuelcell Echo,114,99.99,4,12,80,89,89
New Balance,Fuelcell Echo,114,99.99,4,12,80,89,89
New Balance,Fuelcell Echo,114,62.99,4,12,80,89,89
New Balance,Fuelcell Echo Chase The Lite,114,91.29,null,11.2,null,null,null
New Balance,FuelCell Echo Heritage,114,99.99,null,10,null,null,null
New Balance,FuelCell Echolucent,114,99.99,5,20,60,100,100
New Balance,FuelCell Echolucent,114,99.99,5,20,60,100,100
New Balance,FuelCell Echolucent,114,99.99,5,20,60,100,100
New Balance,FuelCell Propel,114,109.95,5,9,92,85,64
New Balance,FuelCell Propel,114,98.99,5,9,92,85,64
New Balance,FuelCell Propel,114,109.95,5,9,92,85,64
New Balance,FuelCell Propel,114,102.43,5,9,92,85,64
New Balance,FuelCell Propel,114,60.98,5,9,92,85,64
New Balance,FuelCell Rebel,114,129.95,4,8,70,100,89
New Balance,FuelCell Rebel,114,114.03,4,8,70,100,89
New Balance,FuelCell Rebel,114,129.99,4,8,70,100,89
New Balance,Rubix,114,80.98,4,12,100,80,80
New Balance,Rubix,114,145.16,4,12,100,80,80
New Balance,Summit Unknown GTX,114,129.99,null,10,null,null,null
Newton Running,Distance 9,14,155.00,null,8.6,null,null,null
Newton Running,Distance S 9,14,155.00,5,9,100,100,100
Newton Running,Fate 5,14,112.00,4,11,100,100,100
Newton Running,Fate 5,14,112.00,4,11,100,100,100
Newton Running,Gravity 8,14,175.00,null,10,null,null,null
Newton Running,Gravity 9,14,175.00,null,8.3,null,null,null
Newton Running,Kismet 5,14,112.00,5,12,100,100,100
Newton Running,Motion 9,14,175.00,null,8,null,null,null
Nike,Air Zoom Pegasus 36,56,90.00,4,10,85,85,83
Nike,Air Zoom Pegasus 36,56,89.99,4,20,83,100,50
Nike,Air Zoom Pegasus 36,56,90.00,4,10,85,85,83
Nike,Air Zoom Pegasus 36,56,113.25,4,10,85,85,83
Nike,Air Zoom Pegasus 36 Trail,56,130.00,4,14.4,83,100,67
Nike,Air Zoom Pegasus 36 Trail,56,130.00,4,14.4,83,100,67
Nike,Air Zoom Pegasus 37,56,120.00,null,9,null,null,null
Nike,Air Zoom Pegasus 37,56,120.00,null,9,null,null,null
Nike,Air Zoom Pegasus 37,56,120.00,null,9,null,null,null
Nike,Air Zoom Pegasus 37,56,120.00,null,9,null,null,null
Nike,Air Zoom Structure 22,56,112.50,1,11.6,100,50,100
Nike,Air Zoom Structure 22,56,111.15,1,11.6,100,50,100
Nike,Air Zoom Vomero 14,56,140.00,4,12,78,82,67
Nike,Air Zoom Winflo 6,56,67.49,4,11,86,96,72
Nike,Air Zoom Winflo 6,56,67.50,4,11,86,96,72
Nike,Air Zoom Winflo 6,56,67.50,4,11,86,96,72
Nike,Air Zoom Winflo 6,56,65.00,4,11,86,96,72
Nike,Air Zoom Winflo 6,56,67.50,4,11,86,96,72
Nike,Air Zoom Winflo 6,56,67.50,4,11,86,96,72
Nike,Downshifter 10,56,60.00,4,9.3,100,100,100
Nike,Downshifter 10,56,60.00,4,9.3,100,100,100
Nike,Downshifter 10,56,60.00,4,9.3,100,100,100
Nike,Downshifter 10,56,60.00,4,9.3,100,100,100
Nike,Downshifter 9,56,46.97,4,10,83,82,77
Nike,Downshifter 9,56,60.00,4,10,83,82,77
Nike,Downshifter 9,56,45.00,4,10,83,82,77
Nike,Downshifter 9,56,45.00,4,10,83,82,77
Nike,Flex 2019 RN,56,85.00,3,10,86,92,93
Nike,Flex 2020 RN,56,80.00,2,7.3,100,100,100
Nike,Flex 2020 RN,56,80.00,2,7.3,100,100,100
Nike,Flex Contact 3,56,56.25,4,8,90,86,72
Nike,Flex Experience RN 9,56,59.15,null,7.35,null,null,null
Nike,Flex Experience Run 9,56,48.75,4,8,57,59,80
Nike,Flex Experience Run 9,56,65.00,4,8,57,59,80
Nike,Flex Experience Run 9,56,65.00,4,8,57,59,80
Nike,Flex Experience Run 9,56,65.00,4,8,57,59,80
Nike,Flex Experience Run 9,56,65.00,4,8,57,59,80
Nike,Flex Experience Run 9,56,65.00,4,8,57,59,80
Nike,Flex Experience Run 9,56,65.00,4,8,57,59,80
Nike,Flex Experience Run 9,56,65.00,4,8,57,59,80
Nike,FlyEase Air Zoom Pegasus 35,56,84.97,4,10,78,75,90
Nike,FlyEase Air Zoom Pegasus 36,56,94.97,3,12,71,54,83
Nike,FlyEase Air Zoom Pegasus 36,56,99.97,3,12,71,54,83
Nike,FlyEase Air Zoom Pegasus 36,56,94.97,3,12,71,54,83
Nike,FlyEase Air Zoom Pegasus 36,56,79.97,3,12,71,54,83
Nike,FlyEase Air Zoom Pegasus 36,56,95.97,3,12,71,54,83
Nike,Flyease Revolution 5,56,55.97,5,12,85,92,91
Nike,Flyease Revolution 5,56,59.97,5,12,85,92,91
Nike,Flyease Revolution 5,56,55.97,5,12,85,92,91
Nike,Flyease Revolution 5,56,59.97,5,12,85,92,91
Nike,Free RN 5.0,56,75.00,4,9,54,90,81
Nike,Free RN 5.0,56,100.00,4,9,54,90,81
Nike,Free RN 5.0,56,75.00,4,9,54,90,81
Nike,Free RN 5.0 2020,56,100.00,5,7.1,100,100,100
Nike,Free RN 5.0 2020,56,100.00,5,7.1,100,100,100
Nike,Free RN 5.0 2020,56,100.00,5,7.1,100,100,100
Nike,Joyride Dual Run,56,110.50,4,9,50,50,50
Nike,Legend React 2,56,100.00,5,11,100,100,50
Nike,Legend React 2,56,100.00,5,11,100,100,50
Nike,Legend React 2,56,100.00,5,11,100,100,50
Nike,Legend React 2,56,93.75,5,11,100,100,50
Nike,Legend React 2,56,74.97,5,11,100,100,50
Nike,Odyssey React 2 Shield,56,97.50,5,11,100,100,100
Nike,Quest 2,56,75.00,5,8.1,88,100,94
Nike,Quest 2,56,57.97,5,8.1,88,100,94
Nike,Quest 2,56,75.00,5,8.1,88,100,94
Nike,Quest 2,56,75.00,5,8.1,88,100,94
Nike,Quest 2 SE,56,56.25,5,9.5,100,100,100
Nike,Quest 2 SE,56,75.00,5,9.5,100,100,100
Nike,React Infinity Run FK,56,160.00,5,10.27,null,null,null
Nike,React Infinity Run FK,56,160.00,5,10.27,null,null,null
Nike,React Infinity Run FK,56,160.00,5,10.27,null,null,null
Nike,Renew Ride,56,61.03,4,8.4,100,75,100
Nike,Renew Ride,56,61.31,4,8.4,100,75,100
Nike,Renew Ride,56,57.19,4,8.4,100,75,100
Nike,Renew Ride,56,68.85,4,8.4,100,75,100
Nike,Renew Ride,56,64.50,4,8.4,100,75,100
Nike,Renew Ride,56,56.25,4,8.4,100,75,100
Nike,Renew Ride,56,75.00,4,8.4,100,75,100
Nike,Renew Run,56,64.98,5,12.2,73,77,82
Nike,Renew Run,56,85.16,5,12.2,73,77,82
Nike,Renew Run,56,90.00,5,12.2,73,77,82
Nike,Renew Run,56,71.21,5,12.2,73,77,82
Nike,Renew Run,56,70.88,5,12.2,73,77,82
Nike,Renew Run,56,50.00,5,12.2,73,77,82
Nike,Renew Run,56,82.35,5,12.2,73,77,82
Nike,Renew Run,56,50.00,5,12.2,73,77,82
Nike,Renew Run,56,90.00,5,12.2,73,77,82
Nike,Revolution 5,56,65.00,4,11.4,86,93,57
Nike,Revolution 5,56,48.75,4,11.4,86,93,57
Nike,Revolution 5,56,60.94,4,11.4,86,93,57
Nike,Revolution 5,56,65.00,4,11.4,86,93,57
Nike,Revolution 5,56,48.74,4,11.4,86,93,57
Nike,Revolution 5,56,65.00,4,11.4,86,93,57
Nike,Revolution 5,56,48.75,4,11.4,86,93,57
Nike,Revolution 5,56,61.34,4,11.4,86,93,57
Nike,Revolution 5,56,65.00,4,11.4,86,93,57
Nike,Revolution 5,56,65.00,4,11.4,86,93,57
Nike,Revolution 5,56,65.00,4,11.4,86,93,57
Nike,Run All Day 2,56,70.00,4,9.6,91,100,80
Nike,Run All Day 2,56,64.58,4,9.6,91,100,80
Nike,Run All Day 2,56,52.50,4,9.6,91,100,80
Nike,Run All Day 2,56,65.71,4,9.6,91,100,80
Nike,Run All Day 2,56,70.00,4,9.6,91,100,80
Nike,Run All Day 2,56,63.79,4,9.6,91,100,80
Nike,Todos,56,60.00,3,9,100,100,100
Nike,Todos,56,60.00,3,9,100,100,100
Nike,Todos,56,60.00,3,9,100,100,100
Nike,Zoom Gravity,56,69.64,3,9,33,78,56
On,Cloud 2.0,10,129.99,4,9,81,92,77
On,Cloud 2.0,10,129.99,4,9,81,92,77
On,Cloud 2.0,10,129.99,4,9,81,92,77
On,Cloud 2.0,10,129.99,4,9,81,92,77
On,Cloud 2.0,10,129.99,4,9,81,92,77
On,Cloud 2.0,10,129.99,4,9,81,92,77
On,Cloud 2.0,10,129.99,4,9,81,92,77
On,Cloud 2.0,10,129.99,4,9,81,92,77
On,Cloud 70 | 30,10,129.99,5,9,100,100,100
On,Cloud 70 | 30,10,129.99,5,9,100,100,100
On,Cloud 70 | 30,10,129.99,5,9,100,100,100
On,Cloud Dip,10,159.99,2,9.96,100,100,50
On,Cloud Dip,10,159.99,2,9.96,100,100,50
On,Cloud Dip,10,159.99,2,9.96,100,100,50
On,Cloud Hi,10,169.99,5,13.8,50,50,50
On,Cloud Hi,10,169.99,5,13.8,50,50,50
On,Cloud Hi,10,169.99,5,13.8,50,50,50
On,Cloud Hi,10,169.99,5,13.8,50,50,50
On,Cloud Terry,10,149.99,5,9,82,91,45
On,Cloud Terry,10,149.99,5,9,82,91,45
On,Cloud Waterproof,10,149.99,4,11,78,90,86
On,Cloud Waterproof,10,149.99,4,11,78,90,86
On,Cloud Waterproof,10,149.99,4,11,78,90,86
On,Cloud X,10,139.99,4,10,74,84,80
On,Cloud X,10,139.99,4,10,74,84,80
On,Cloud X,10,139.99,4,10,74,84,80
On,Cloud X,10,139.99,4,10,74,84,80
On,Cloud X,10,139.99,4,10,74,84,80
On,Cloudace,10,199.99,4,13,83,100,67
On,Cloudace,10,199.99,4,13,83,100,67
On,Cloudace,10,199.99,4,13,83,100,67
On,Cloudace,10,199.99,4,13,83,100,67
On,Cloudace,10,199.99,4,13,83,100,67
On,Cloudflow,10,139.99,4,9,84,95,77
On,Cloudflow,10,139.99,4,9,84,95,77
On,Cloudflow,10,139.99,4,9,84,95,77
On,Cloudflyer,10,159.99,4,10.6,86,91,84
On,Cloudflyer,10,159.00,4,10.6,86,91,84
On,Cloudflyer,10,159.99,4,10.6,86,91,84
On,Cloudflyer Waterproof,10,179.99,4,12,83,83,83
On,Cloudrush,10,129.99,4,9,67,100,100
On,Cloudstratus,10,169.99,5,12,81,93,56
On,Cloudstratus,10,169.99,5,12,81,93,56
On,Cloudstratus,10,169.99,5,12,81,93,56
On,Cloudstratus,10,169.99,5,12,81,93,56
On,Cloudsurfer,10,149.99,4,14,80,95,69
On,Cloudsurfer,10,149.99,4,14,80,95,69
On,Cloudsurfer,10,149.99,4,14,80,95,69
On,Cloudswift,10,149.99,5,11,85,91,69
On,Cloudswift,10,149.99,5,11,85,91,69
On,Cloudswift,10,149.99,5,11,85,91,69
On,Cloudswift,10,149.99,5,11,85,91,69
On,Cloudswift,10,149.99,5,11,85,91,69
On,Cloudswift,10,149.99,5,11,85,91,69
Reebok,Forever Floatride Energy,62,75.00,5,9.2,100,100,100
Reebok,Liquifect 180 LS,62,80.00,null,13.2,null,null,null
Reebok,Liquifect 180 LS,62,60.00,null,13.2,null,null,null
Reebok,Liquifect 180 SPT,62,56.31,null,13,null,null,null
Reebok,Liquifect 180 SPT,62,80.00,null,13,null,null,null
Saucony,Echelon 7,122,129.95,4,13,90,80,67
Saucony,Echelon 7,122,129.95,4,13,90,80,67
Saucony,Echelon 7,122,130.00,4,13,90,80,67
Saucony,Echelon 7,122,130.00,4,13,90,80,67
Saucony,Fastwitch 9,122,99.95,null,7,null,null,null
Saucony,Freedom 3,122,150.00,null,9,null,null,null
Saucony,Freedom 3,122,150.00,null,9,null,null,null
Saucony,Freedom 3,122,150.00,null,9,null,null,null
Saucony,Freedom ISO2,122,159.95,4,11,71,71,83
Saucony,Freedom ISO2,122,160.00,4,11,71,71,83
Saucony,Freedom ISO2,122,159.95,4,11,71,71,83
Saucony,Guide 13,122,120.00,5,11,100,100,50
Saucony,Guide 13,122,120.00,5,11,100,100,50
Saucony,Guide 13,122,120.00,5,11,100,100,50
Saucony,Hurricane 22,122,160.00,null,11,null,null,null
Saucony,Hurricane 22,122,160.00,null,11,null,null,null
Saucony,Hurricane ISO 5,122,165.00,4,12,100,100,33
Saucony,Kinvara 10,122,109.95,4,9,90,90,80
Saucony,Kinvara 11,122,110.00,4,9,50,100,100
Saucony,Kinvara 11,122,110.00,4,9,50,100,100
Saucony,Kinvara 11,122,110.00,4,9,50,100,100
Saucony,Kinvara 11,122,110.00,4,9,50,100,100
Saucony,Liberty ISO 2,122,160.00,4,10,100,50,100
Saucony,Liberty ISO 2,122,160.00,4,10,100,50,100
Saucony,Liberty ISO 2,122,160.00,4,10,100,50,100
Saucony,Liberty ISO 2,122,160.00,4,10,100,50,100
Saucony,Omni 16,122,71.20,4,11,89,84,58
Saucony,Omni ISO 2,122,130.00,4,11,100,100,100
Saucony,Omni ISO 2,122,130.00,4,11,100,100,100
Saucony,Omni ISO 2,122,130.00,4,11,100,100,100
Saucony,Peregrine 10 GTX,122,140.00,5,12,100,100,100
Saucony,Redeemer ISO 2,122,149.95,3,13,100,67,67
Saucony,Ride ISO,122,120.00,3,11,83,100,67
Saucony,Ride ISO 2,122,120.00,5,10,83,100,92
Saucony,Ride ISO 2,122,120.00,5,10,83,100,92
Saucony,Ride ISO 2,122,120.00,5,10,83,100,92
Saucony,Ride ISO 2,122,120.00,5,10,83,100,92
Saucony,Ride ISO 2,122,120.00,5,10,83,100,92
Saucony,Stretch & Go Breeze,122,70.00,4,10,50,83,83
Saucony,Stretch & Go Breeze,122,70.00,4,10,50,83,83
Saucony,Stretch & Go Breeze,122,62.99,4,10,50,83,83
Saucony,Stretch & Go Ease,122,69.95,3,9,100,100,50
Saucony,Triumph 17,122,150.00,5,10,90,100,70
Saucony,Triumph 17,122,150.00,5,10,90,100,70
Saucony,Type A9,122,100.00,5,6,100,100,100
Saucony,Versafoam Cohesion 12,122,39.95,5,9,90,98,90
Saucony,Versafoam Cohesion 12,122,39.95,5,9,90,98,90
Saucony,Versafoam Cohesion 12,122,39.95,5,9,90,98,90
Saucony,Versafoam Cohesion 12,122,39.95,5,9,90,98,90
Saucony,Versafoam Cohesion 12,122,39.95,5,9,90,98,90
Saucony,Versafoam Cohesion 12,122,39.95,5,9,90,98,90
Saucony,Versafoam Cohesion 13,122,65.00,4,12,100,100,100
Saucony,Versafoam Cohesion 13,122,65.00,4,12,100,100,100
Saucony,Versafoam Cohesion 13,122,65.00,4,12,100,100,100
Saucony,Versafoam Cohesion 13,122,65.00,4,12,100,100,100
Saucony,Versafoam Extol,122,75.00,4,10,100,100,100
Saucony,Versafoam Extol,122,75.00,4,10,100,100,100
Saucony,Versafoam Extol,122,75.00,4,10,100,100,100
Saucony,Versafoam Flame,122,79.95,4,8,50,50,100
Saucony,Versafoam Flame,122,79.95,4,8,50,50,100
Saucony,Versafoam Flame,122,79.95,4,8,50,50,100
Saucony,Versafoam Flare,122,69.95,4,8,100,100,80
Saucony,Versafoam Flare,122,69.95,4,8,100,100,80
Saucony,Versafoam Flare,122,69.95,4,8,100,100,80
Saucony,Versafoam Inferno,122,59.99,4,9,100,100,83
Saucony,Versafoam Inferno,122,59.99,4,9,100,100,83
Saucony,Versafoam Inferno,122,59.99,4,9,100,100,83
Saucony,Versafoam Inferno,122,59.99,4,9,100,100,83
Saucony,Versafoam Shift,122,70.00,null,9,null,null,null
Saucony,Versafoam Shift,122,70.00,null,9,null,null,null
Scott,Palani,62,139.95,null,12,null,null,null
SKECHERS,Go Meb Speed 6,28,120.99,3,5.6,100,100,100
SKECHERS,Go Run 7,28,84.99,4,8,50,50,50
SKECHERS,Go Run 7+,28,125.00,3,9,null,null,null
SKECHERS,Go Run Air,28,49.99,4,12,null,null,null
SKECHERS,Go Run Consistent,28,49.99,5,10,100,100,100
SKECHERS,Go Run Consistent,28,49.99,5,10,100,100,100
SKECHERS,Go Run Consistent,28,49.99,5,10,100,100,100
SKECHERS,Go Run Consistent,28,55.00,5,10,100,100,100
SKECHERS,Go Run Consistent,28,55.00,5,10,100,100,100
SKECHERS,Go Run Consistent,28,55.00,5,10,100,100,100
SKECHERS,Go Run Consistent,28,55.00,5,10,100,100,100
SKECHERS,Go Run Fast,28,44.99,5,9,null,null,null
SKECHERS,Go Run Fast - Arco - 55105,28,55.00,5,9,null,null,null
SKECHERS,Go Run Fast - Valor,28,49.99,5,8,100,100,100
SKECHERS,Go Run Fast - Valor,28,39.99,5,7.2,100,100,71
SKECHERS,Go Run Fast - Valor,28,49.99,5,7.2,100,100,71
SKECHERS,Go Run Focus,28,49.99,5,10,null,null,null
SKECHERS,Go Run Focus - 55161,28,39.99,null,8.4,null,null,null
SKECHERS,Go Run Horizon - Vanish,28,99.95,3,5,null,null,null
SKECHERS,Go Run Pulse,28,55.99,null,8.8,null,null,null
SKECHERS,Go Run Pulse,28,70.00,5,8.4,null,null,null
SKECHERS,Go Run Pulse,28,70.00,null,8.8,null,null,null
SKECHERS,Go Run Pulse,28,55.99,null,8.8,null,null,null
SKECHERS,Go Run Pulse,28,70.00,null,8.8,null,null,null
SKECHERS,Go Run Razor 3,28,130.00,4,7,88,100,86
SKECHERS,Go Run Razor 3,28,130.00,4,7,null,null,null
SKECHERS,Go Run Razor 3,28,130.00,4,7,null,null,null
SKECHERS,Go Run Razor 3,28,130.00,4,7,null,null,null
SKECHERS,Go Run Razor 3 - NY,28,104.99,4,6.8,50,50,100
SKECHERS,Go Run Ride 8,28,104.99,4,10.2,null,null,null
SKECHERS,Go Run Ride 8,28,104.99,4,10.2,null,null,null
SKECHERS,Go Run Ride 8,28,115.00,4,10.2,null,null,null
SKECHERS,Go Run Ride 8,28,115.00,4,10.2,null,null,null
SKECHERS,Go Run Speed Trail,28,87.99,3,8.4,null,null,null
SKECHERS,Go Run Speed Trail,28,99.99,3,8.4,null,null,null
SKECHERS,Go Run Steady,28,59.99,5,12,83,100,100
SKECHERS,Go Run Steady,28,45.99,5,12,83,100,100
SKECHERS,Go Run Vortex,28,59.99,3,12,50,50,100
SKECHERS,Go Run Vortex,28,59.99,3,12,50,50,100
SKECHERS,GOrun Ride 7,28,62.99,4,10,62,75,75
SKECHERS,Horizon,28,72.99,5,9,50,100,50
SKECHERS,Horizon,28,55.99,5,9,50,100,50
SKECHERS,Max Cushion - 54440,28,75.00,4,13,80,80,60
SKECHERS,Max Cushion - 54440,28,75.00,4,13,80,80,60
SKECHERS,Max Cushion - 54440,28,75.00,4,13,80,80,60
SKECHERS,Max Cushion - 54450,28,75.00,5,12,67,67,67
SKECHERS,Max Cushion - 54460,28,75.00,4,13,100,100,100
SKECHERS,Max Cushion - 54460,28,75.00,4,13,100,100,100
SKECHERS,Max Cushion - Wave - 54430,28,52.99,5,13,100,100,67
SKECHERS,Max Cushion - Wave - 54430,28,67.99,5,13,100,100,67
SKECHERS,Max Road 4,28,112.99,4,11,100,100,100
SKECHERS,Max Road 4,28,112.99,4,11,100,100,100
SKECHERS,Max Road 4,28,125.00,4,11,100,100,100
SKECHERS,Pure,28,55.99,5,10,100,100,100
SKECHERS,Pure,28,55.99,5,10,100,100,100
Spira,Aquarius,18,134.95,5,14,100,100,100
Spira,Aquarius,18,134.95,5,14,100,100,100
Spira,Phoenix,18,134.95,null,12,null,null,null
Spira,Phoenix,18,101.21,null,12,null,null,null
Spira,Phoenix,18,101.21,null,12,null,null,null
Spira,Scorpius II,18,139.95,null,14,null,null,null
Spira,Scorpius II,18,139.95,null,14,null,null,null
Spira,Stinger XLT 2,18,129.95,null,12,null,null,null
Spira,Stinger XLT 2,18,129.95,null,12,null,null,null
Spira,Vento,18,108.71,null,12,null,null,null
Spira,Vento,18,117.59,null,12,null,null,null
Spira,Vento,18,144.95,null,12,null,null,null
Topo Athletic,Fli-Lyte 3,7,110.00,4,10,null,null,null
Topo Athletic,Fli-Lyte 3,7,110.00,4,10,null,null,null
Topo Athletic,Magnifly 3,7,107.99,4,10.2,50,100,100
Topo Athletic,Magnifly 3,7,107.99,4,10.2,50,100,100
Topo Athletic,Phantom,7,130.00,4,12,100,100,67
Topo Athletic,Phantom,7,130.00,4,12,100,100,67
Topo Athletic,ST-3,7,100.00,4,8,100,100,50
Topo Athletic,ST-3,7,100.00,4,8,100,100,50
Topo Athletic,ST-3,7,100.00,4,8,100,100,50
Topo Athletic,Ultrafly 2,7,120.00,4,10,100,100,100
Topo Athletic,Ultrafly 2,7,120.00,4,10,100,100,100
Topo Athletic,Ultrafly 2,7,120.00,4,10,100,100,100
Under Armour,Charged Bandit 5,24,80.00,4,11,100,100,50
Under Armour,Charged Bandit 5,24,80.00,4,11,100,100,50
Under Armour,Charged Bandit 5,24,80.00,4,11,100,100,50
Under Armour,Charged Bandit 5,24,80.00,4,11,100,100,50
Under Armour,Charged Escape 3,24,90.00,5,10.4,80,100,100
Under Armour,Charged Escape 3,24,90.00,5,10.4,80,100,100
Under Armour,Charged Escape 3,24,90.00,5,10.4,80,100,100
Under Armour,Charged Escape 3,24,90.00,5,10.4,80,100,100
Under Armour,Charged Escape 3,24,90.00,5,10.4,80,100,100
Under Armour,Charged Impulse,24,75.00,null,8,null,null,null
Under Armour,Charged Impulse,24,75.00,null,8,null,null,null
Under Armour,Charged Impulse,24,75.00,null,8,null,null,null
Under Armour,Charged Impulse,24,75.00,null,8,null,null,null
Under Armour,Charged Impulse,24,75.00,null,8,null,null,null
Under Armour,Charged Intake 4,24,100.00,5,9.5,100,100,100
Under Armour,Charged Intake 4,24,100.00,5,9.5,100,100,100
Under Armour,Charged Intake 4,24,100.00,5,9.5,100,100,100
Under Armour,Charged Pursuit 2,24,52.49,5,10.2,100,100,50
Under Armour,Charged Pursuit 2,24,70.00,5,10.2,100,100,50
Under Armour,Charged Pursuit 2,24,70.00,5,10.2,100,100,50
Under Armour,Charged Pursuit 2,24,70.00,5,10.2,100,100,50
Under Armour,Charged Pursuit 2,24,70.00,5,10.2,100,100,50
Under Armour,Charged Pursuit 2,24,70.00,5,10.2,100,100,50
Under Armour,Charged Pursuit 2,24,70.00,5,10.2,100,100,50
Under Armour,Charged Pursuit 2,24,70.00,5,10.2,100,100,50
Under Armour,Charged Rogue 2,24,80.00,5,10.2,50,100,50
Under Armour,Charged Rogue 2,24,80.00,5,10.2,50,100,50
Under Armour,Charged Rogue 2,24,80.00,5,10.2,50,100,50
Under Armour,Charged Rogue 2,24,80.00,5,10.2,50,100,50
Under Armour,Charged Rogue 2,24,80.00,5,10.2,50,100,50
Under Armour,Charged Rogue 2 Marble,24,80.00,null,9,null,null,null
Under Armour,Charged Rogue 2 Marble,24,80.00,null,9,null,null,null
Under Armour,HOVR Guardian 2,24,120.00,3,12,100,100,50
Under Armour,HOVR Guardian 2,24,120.00,3,12,100,100,50
Under Armour,HOVR Infinite 2,24,120.00,3,12,50,100,50
Under Armour,HOVR Infinite 2,24,120.00,3,12,50,100,50
Under Armour,HOVR Infinite 2,24,77.99,3,12,50,100,50
Under Armour,HOVR Infinite 2,24,120.00,3,12,50,100,50
Under Armour,HOVR Infinite 2,24,120.00,3,12,50,100,50
Under Armour,HOVR Sonic 3,24,110.00,5,9,100,100,100
Under Armour,HOVR Sonic 3,24,110.00,5,9,100,100,100
Under Armour,HOVR Sonic 3,24,110.00,5,9,100,100,100
Under Armour,HOVR Sonic 3,24,110.00,5,9,100,100,100
Under Armour,HOVR Sonic 3,24,82.50,5,9,100,100,100
Under Armour,HOVR Sonic 3,24,110.00,5,9,100,100,100
Under Armour,HOVR Sonic 3,24,110.00,5,9,100,100,100
Under Armour,HOVR Sonic 3,24,110.00,5,9,100,100,100
Under Armour,Surge SE 4E,24,50.29,5,12,86,86,57
Under Armour,Surge SE Twist,24,65.00,null,9.6,null,null,null
Under Armour,Surge SE Twist,24,65.00,null,9.6,null,null,null
Under Armour,UA Charged Assert 8,24,70.00,5,11,67,94,72
Under Armour,UA Charged Assert 8,24,70.00,5,11,67,94,72
Under Armour,UA Charged Assert 8,24,58.89,5,11,67,94,72
Under Armour,UA Charged Assert 8,24,70.00,5,11,67,94,72
Under Armour,UA Charged Assert 8,24,70.00,5,11,67,94,72
Under Armour,UA Charged Assert 8,24,70.00,5,11,67,94,72
Under Armour,UA Charged Assert 8,24,69.99,5,11,67,94,72
Under Armour,UA Charged Europa 2,24,67.50,5,13,100,100,100
Under Armour,UA Charged Intake 3,24,75.00,5,11.4,95,100,76
Under Armour,UA Charged Rogue,24,60.00,4,12,79,81,81
Under Armour,UA Charged Rogue Twist,24,60.00,3,9,67,100,67
Under Armour,UA Hovr Sonic 2,24,81.25,4,13,81,94,67
Under Armour,UA Hovr Sonic 2,24,81.25,4,13,81,94,67
Under Armour,UA Surge SE,24,48.75,5,10.9,100,93,60
Vibram FiveFingers,Classic,21,80.00,5,7,67,100,67
Vibram FiveFingers,V-Run,21,129.95,4,4,72,94,47
Vibram FiveFingers,V-Run,21,130.00,4,4,72,94,47
